company,title,category,entry_level,states,location,updated,url,is_new
Tenable,Senior Security Engineer - Pre-Sales,Cybersecurity,Maybe,Remote (US),"US - Remote - DC, US - Remote - Florida , US - Headquarters - Maryland - Columbia",2026-07-09 14:18,https://job-boards.greenhouse.io/tenableinc/jobs/5316606008,True
GuidePoint Security,GPSU Cybersecurity Fall Internship,Cybersecurity,Yes,Remote (US),Remote,2026-07-09 12:39,https://boards.greenhouse.io/guidepointsecurity/jobs/6014518004?gh_jid=6014518004,False
Keyrock,SOC Analyst,Cybersecurity,Yes,Remote (US),Remote (US),2026-02-12 16:01,https://remoteOK.com/remote-jobs/remote-soc-analyst-keyrock-1130231,False
ThreatLocker,Jr Cyber Hero Intern,Cybersecurity,Yes,Florida,"Orlando, FL",2026-04-29 16:23,https://job-boards.greenhouse.io/threatlocker/jobs/5744483004,False
Zscaler,Detection Engineer- SkillBridge Intern,Cybersecurity,Yes,Remote (US),Remote - USA,2026-06-23 15:27,https://job-boards.greenhouse.io/zscaler/jobs/5114254007,False
Zscaler,Federal Security Operations - SkillBridge Intern,Cybersecurity,Yes,Remote (US),Remote - USA,2026-06-23 15:27,https://job-boards.greenhouse.io/zscaler/jobs/5069684007,False
Zscaler,Phishing Analyst-SkillBridge Intern,Cybersecurity,Yes,Remote (US),Remote - USA,2026-06-23 15:27,https://job-boards.greenhouse.io/zscaler/jobs/5065302007,False
GuidePoint Security,Strategic Security Advisor (New England) - Northeast region,Cybersecurity,Yes (desc),Remote (US),Remote,2026-06-29 11:14,https://boards.greenhouse.io/guidepointsecurity/jobs/6020620004?gh_jid=6020620004,False
GuidePoint Security,Strategic Security Advisor (New York Metro) - Northeast region,Cybersecurity,Yes (desc),Remote (US),Remote,2026-06-16 16:39,https://boards.greenhouse.io/guidepointsecurity/jobs/6020603004?gh_jid=6020603004,False
Abnormal Security,Senior Software Engineer - Product Engineering (Identity Security),Cybersecurity,Maybe,California,"Hybrid - San Francisco, CA, USA",2026-06-24 13:39,https://abnormal.ai/careers/jobs/7733721003?gh_jid=7733721003,False
Abnormal Security,Sr. Embedded Detection Analyst,Cybersecurity,Maybe,Remote (US),Remote - USA,2026-07-08 18:03,https://abnormal.ai/careers/jobs/7679574003?gh_jid=7679574003,False
Abnormal Security,"Staff Software Engineer, Security & Privacy",Cybersecurity,Maybe,Remote (US),Remote - USA,2026-05-25 00:02,https://abnormal.ai/careers/jobs/7679429003?gh_jid=7679429003,False
Affirm,"Director, Information Technology & Security",Cybersecurity,Maybe,Remote (US),Remote US,2026-06-18 11:27,https://job-boards.greenhouse.io/affirm/jobs/7607567003,False
Affirm,Security Risk Management Lead,Cybersecurity,Maybe,Remote (US),Remote US,2026-06-18 11:27,https://job-boards.greenhouse.io/affirm/jobs/7718808003,False
Affirm,Senior CIAM Software Engineer,Cybersecurity,Maybe,Remote (US),Remote US,2026-06-18 11:27,https://job-boards.greenhouse.io/affirm/jobs/7671388003,False
Affirm,Staff Product Security Engineer,Cybersecurity,Maybe,Remote (US),Remote US,2026-06-18 11:27,https://job-boards.greenhouse.io/affirm/jobs/7684281003,False
Altium,Cloud Security Architect,Cybersecurity,Maybe,Louisiana,La Jolla,2026-03-13 08:00,https://remoteOK.com/remote-jobs/remote-cloud-security-architect-altium-1130757,False
BeyondTrust,Product Security Architect,Cybersecurity,Maybe,Remote (US),Remote United States ,2026-06-02 11:28,https://job-boards.greenhouse.io/beyondtrust/jobs/7966559,False
BeyondTrust,Sr Product Security Engineer,Cybersecurity,Maybe,Remote (US),Remote United States ,2026-07-07 15:03,https://job-boards.greenhouse.io/beyondtrust/jobs/7966569,False
Brex,Senior GRC Lead,Cybersecurity,Maybe,California,"San Francisco, California, United States",2026-06-30 19:11,https://www.brex.com/careers/8378792002?gh_jid=8378792002,False
Brex,Senior Security Operations Engineer,Cybersecurity,Maybe,California,"San Francisco, California, United States",2026-06-10 13:59,https://www.brex.com/careers/8339252002?gh_jid=8339252002,False
Brex,Senior GRC Lead,Cybersecurity,Maybe,New York,"New York, New York, United States",2026-06-30 19:11,https://www.brex.com/careers/8378840002?gh_jid=8378840002,False
Brex,Senior Security Operations Engineer,Cybersecurity,Maybe,New York,"New York, New York, United States",2026-06-10 13:59,https://www.brex.com/careers/8339277002?gh_jid=8339277002,False
Brex,Senior GRC Lead,Cybersecurity,Maybe,Washington,"Seattle, Washington, United States",2026-06-30 19:11,https://www.brex.com/careers/8541244002?gh_jid=8541244002,False
Brex,Senior Security Operations Engineer,Cybersecurity,Maybe,Washington,"Seattle, Washington, United States",2026-06-10 13:59,https://www.brex.com/careers/8339283002?gh_jid=8339283002,False
Bridgewater Associates,Senior Security Engineer,Cybersecurity,Maybe,Remote (US),Remote,2026-04-23 00:00,https://remoteOK.com/remote-jobs/remote-senior-security-engineer-bridgewater-associates-1131280,False
Bridgewater Associates Referrals,Senior Security Engineer Vulnerability & Exposure Management,Cybersecurity,Maybe,Remote (US),Remote (US),2026-04-22 00:01,https://remoteOK.com/remote-jobs/remote-senior-security-engineer-vulnerability-exposure-management-bridgewater-associates-referrals-1131258,False
ButterflyMX,Chief Information Security Officer,Cybersecurity,Maybe,New York,New York ,2026-01-13 16:00,https://remoteOK.com/remote-jobs/remote-chief-information-security-officer-butterflymx-1129549,False
Chime,Data Governance Engineer,Cybersecurity,Maybe,California,"San Francisco, CA, USA",2026-07-01 02:34,https://boards.greenhouse.io/chime/jobs/8525098002?gh_jid=8525098002,False
Chime,"Manager, Product Security",Cybersecurity,Maybe,California,"San Francisco, CA, USA",2026-06-29 18:23,https://boards.greenhouse.io/chime/jobs/8526680002?gh_jid=8526680002,False
Chime,Product Security Engineer,Cybersecurity,Maybe,California,"San Francisco, CA, USA",2026-07-01 02:33,https://boards.greenhouse.io/chime/jobs/8141068002?gh_jid=8141068002,False
Chime,Senior Offensive Security Engineer,Cybersecurity,Maybe,California,"San Francisco, CA, USA",2026-06-29 18:23,https://boards.greenhouse.io/chime/jobs/8121830002?gh_jid=8121830002,False
Chime,"Director, Associate General Counsel, Privacy, Cybersecurity, and AI",Cybersecurity,Maybe,"California, New York","New York, NY, USA; San Francisco, CA, USA",2026-06-29 18:23,https://boards.greenhouse.io/chime/jobs/8531775002?gh_jid=8531775002,False
Chime,Senior Security Engineer,Cybersecurity,Maybe,"California, New York","New York, NY, USA; San Francisco, CA, USA",2026-06-29 18:23,https://boards.greenhouse.io/chime/jobs/8575572002?gh_jid=8575572002,False
Cloudflare,Incident Response Analyst - React,Cybersecurity,Maybe,Indiana,In-Office,2026-07-06 08:18,https://boards.greenhouse.io/cloudflare/jobs/8025650?gh_jid=8025650,False
Cloudflare,Incident Response Engineer - CMDC,Cybersecurity,Maybe,Indiana,In-Office,2026-07-08 10:51,https://boards.greenhouse.io/cloudflare/jobs/8037628?gh_jid=8037628,False
Cloudflare,Incident Response Engineer - PhishGuard,Cybersecurity,Maybe,Indiana,In-Office,2026-07-08 10:50,https://boards.greenhouse.io/cloudflare/jobs/8037643?gh_jid=8037643,False
Cloudflare,Senior Global Physical Security Specialist,Cybersecurity,Maybe,Indiana,In-Office,2026-07-06 11:11,https://boards.greenhouse.io/cloudflare/jobs/8025514?gh_jid=8025514,False
Coinbase,Insider Threat Analyst,Cybersecurity,Maybe,Remote (US),Remote - USA,2026-07-02 00:17,https://www.coinbase.com/careers/positions/7967336?gh_jid=7967336,False
Coinbase,Senior Insider Threat Analyst,Cybersecurity,Maybe,Remote (US),Remote - USA,2026-07-02 00:17,https://www.coinbase.com/careers/positions/7967333?gh_jid=7967333,False
Databricks,Engineering Manager - Identity and Access Management (IAM),Cybersecurity,Maybe,California,"Mountain View, California",2026-07-01 18:31,https://databricks.com/company/careers/open-positions/job?gh_jid=8298018002,False
Databricks,Principal Security Field Engineer,Cybersecurity,Maybe,California,Remote - California,2026-07-07 19:44,https://databricks.com/company/careers/open-positions/job?gh_jid=8612863002,False
Databricks,Senior Engineering Manager - Trust and Safety,Cybersecurity,Maybe,California,"Mountain View, California",2026-07-01 18:31,https://databricks.com/company/careers/open-positions/job?gh_jid=8180690002,False
Databricks,Senior Software Engineer - Security,Cybersecurity,Maybe,California,"San Francisco, California",2026-07-01 18:31,https://databricks.com/company/careers/open-positions/job?gh_jid=7274459002,False
Databricks,Senior Staff Software Engineer - Security Infrastructure,Cybersecurity,Maybe,California,"Mountain View, California",2026-07-01 18:31,https://databricks.com/company/careers/open-positions/job?gh_jid=7274908002,False
Databricks,Sr. IT Endpoint Engineer,Cybersecurity,Maybe,California,"Mountain View, California",2026-07-01 18:31,https://databricks.com/company/careers/open-positions/job?gh_jid=8463169002,False
Databricks,"Sr. Product Manager, Data Governance",Cybersecurity,Maybe,California,"San Francisco, California",2026-07-01 18:31,https://databricks.com/company/careers/open-positions/job?gh_jid=7863365002,False
Databricks,Sr. Staff Security Assurance Engineer,Cybersecurity,Maybe,California,"Mountain View, California; San Francisco, California",2026-07-01 18:31,https://databricks.com/company/careers/open-positions/job?gh_jid=8026640002,False
Databricks,"Sr. Staff Software Engineer — Observability, Insights & Governance",Cybersecurity,Maybe,California,"Mountain View, California; San Francisco, California",2026-07-01 18:31,https://databricks.com/company/careers/open-positions/job?gh_jid=8575248002,False
Databricks,Staff Data Scientist - Trust and Safety,Cybersecurity,Maybe,California,"San Francisco, California",2026-07-01 18:31,https://databricks.com/company/careers/open-positions/job?gh_jid=8178287002,False
Databricks,Staff Enterprise Security Engineer,Cybersecurity,Maybe,California,Remote - California,2026-07-07 21:13,https://databricks.com/company/careers/open-positions/job?gh_jid=8479031002,False
Databricks,"Staff Product Manager, Security",Cybersecurity,Maybe,California,"San Francisco, California",2026-07-01 18:31,https://databricks.com/company/careers/open-positions/job?gh_jid=7110499002,False
Databricks,Staff Security Field Engineer,Cybersecurity,Maybe,California,Remote - California,2026-07-07 19:43,https://databricks.com/company/careers/open-positions/job?gh_jid=8612870002,False
Databricks,"Staff Security Software Engineer, AI Security",Cybersecurity,Maybe,California,Remote - California,2026-07-07 20:16,https://databricks.com/company/careers/open-positions/job?gh_jid=8026634002,False
Databricks,"Staff Security Software Engineer, AI Security Engineering",Cybersecurity,Maybe,California,Remote - California,2026-07-07 19:52,https://databricks.com/company/careers/open-positions/job?gh_jid=7882009002,False
Databricks,Staff Software Engineer - Security Infrastructure,Cybersecurity,Maybe,California,"Mountain View, California",2026-07-01 18:31,https://databricks.com/company/careers/open-positions/job?gh_jid=7994770002,False
Databricks,Cyber Security GTM Leader,Cybersecurity,Maybe,"California, New York",Remote - California; Remote - New York,2026-07-01 18:31,https://databricks.com/company/careers/open-positions/job?gh_jid=8582312002,False
Databricks,Senior Staff Software Engineer - Security Infrastructure,Cybersecurity,Maybe,Washington,"Bellevue, Washington",2026-07-01 18:31,https://databricks.com/company/careers/open-positions/job?gh_jid=7274902002,False
Databricks,"Sr. Product Manager, Data Governance",Cybersecurity,Maybe,Washington,"Seattle, Washington",2026-07-01 18:31,https://databricks.com/company/careers/open-positions/job?gh_jid=7863522002,False
Databricks,"Sr. Staff Software Engineer — Observability, Insights & Governance",Cybersecurity,Maybe,Washington,"Bellevue, Washington; Seattle, Washington",2026-07-01 18:31,https://databricks.com/company/careers/open-positions/job?gh_jid=8575251002,False
Databricks,Sr. Staff Software Engineer - Unity Catalog Data Governance,Cybersecurity,Maybe,Washington,"Bellevue, Washington",2026-07-01 18:31,https://databricks.com/company/careers/open-positions/job?gh_jid=7993609002,False
Databricks,"Staff Product Manager, Security",Cybersecurity,Maybe,Washington,"Seattle, Washington",2026-07-01 18:31,https://databricks.com/company/careers/open-positions/job?gh_jid=7110509002,False
Databricks,Staff Software Engineer - Security Infrastructure,Cybersecurity,Maybe,Washington,"Bellevue, Washington",2026-07-01 18:31,https://databricks.com/company/careers/open-positions/job?gh_jid=7994759002,False
Databricks,Staff Security Assurance Engineer,Cybersecurity,Maybe,"Washington, Washington DC","Remote - Washington D.C.; Washington, D.C.",2026-07-01 18:31,https://databricks.com/company/careers/open-positions/job?gh_jid=8430837002,False
Datadog,Enterprise Security Sales Specialist,Cybersecurity,Maybe,"California, Illinois","Chicago, Illinois, USA; San Francisco, California, USA",2026-07-02 13:28,https://careers.datadoghq.com/detail/7129428/?gh_jid=7129428,False
Datadog,"Area Vice President, Enterprise Security Sales",Cybersecurity,Maybe,"California, New York","New York, New York, USA; San Francisco, California, USA",2026-05-15 08:44,https://careers.datadoghq.com/detail/7508990/?gh_jid=7508990,False
Datadog,Senior Technical Product Marketing Manager - Security,Cybersecurity,Maybe,"California, New York","New York, New York, USA; San Francisco, California, USA",2026-07-07 14:20,https://careers.datadoghq.com/detail/7695546/?gh_jid=7695546,False
Datadog,"Director, Security Channels (North America)",Cybersecurity,Maybe,"California, New York, Remote (US)","Colorado, USA, Remote; Illinois, USA, Remote; New York, New York, USA; New York, USA, Remote; San Francisco, California, USA; Texas, USA, Remote",2026-06-25 11:13,https://careers.datadoghq.com/detail/7984985/?gh_jid=7984985,False
Datadog,"Product Manager II, AI & Data Security",Cybersecurity,Maybe,"Massachusetts, New York","Boston, Massachusetts, USA; New York, New York, USA",2026-06-16 09:53,https://careers.datadoghq.com/detail/7982288/?gh_jid=7982288,False
Datadog,Product Manager II - Security Graph Experience,Cybersecurity,Maybe,"Massachusetts, New York","Boston, Massachusetts, USA; New York, New York, USA",2026-07-09 07:00,https://careers.datadoghq.com/detail/8052135/?gh_jid=8052135,False
Datadog,Staff Application Security Engineer,Cybersecurity,Maybe,"Massachusetts, New York","Boston, Massachusetts, USA; New York, New York, USA",2026-07-07 13:58,https://careers.datadoghq.com/detail/7777798/?gh_jid=7777798,False
Datadog,"Director, Engineering - Detection Platform",Cybersecurity,Maybe,New York,"New York, New York, USA",2026-06-24 16:08,https://careers.datadoghq.com/detail/8026520/?gh_jid=8026520,False
Datadog,"Engineering Manager I, Threat Detection",Cybersecurity,Maybe,New York,"New York, New York, USA",2026-07-01 15:27,https://careers.datadoghq.com/detail/7958663/?gh_jid=7958663,False
Datadog,"Group Product Manager, Cloud Security",Cybersecurity,Maybe,New York,"New York, New York, USA",2026-06-26 10:34,https://careers.datadoghq.com/detail/8029539/?gh_jid=8029539,False
Datadog,Group Product Manager - Code Security,Cybersecurity,Maybe,New York,"New York, New York, USA",2026-06-23 15:21,https://careers.datadoghq.com/detail/8023763/?gh_jid=8023763,False
Datadog,Group Product Manager - Threat Detection and Incident Response (Cloud SIEM),Cybersecurity,Maybe,New York,"New York, New York, USA",2026-07-07 14:14,https://careers.datadoghq.com/detail/7608826/?gh_jid=7608826,False
Datadog,Security Engineer 2 - Cyber Threat Intelligence,Cybersecurity,Maybe,New York,"New York, New York, USA",2026-07-07 14:23,https://careers.datadoghq.com/detail/7982345/?gh_jid=7982345,False
Datadog,Senior Application Security Engineer,Cybersecurity,Maybe,New York,"New York, New York, USA",2026-07-07 14:21,https://careers.datadoghq.com/detail/7867135/?gh_jid=7867135,False
Datadog,Senior Cloud Security Engineer - K8s,Cybersecurity,Maybe,New York,"New York, New York, USA",2026-05-15 08:44,https://careers.datadoghq.com/detail/7815616/?gh_jid=7815616,False
Datadog,Senior PM - Managed Security Service Provider (Cloud SIEM),Cybersecurity,Maybe,New York,"New York, New York, USA",2026-05-20 17:14,https://careers.datadoghq.com/detail/7947732/?gh_jid=7947732,False
Datadog,"Senior Security Engineer, Offensive Security",Cybersecurity,Maybe,New York,"New York, New York, USA",2026-06-10 08:01,https://careers.datadoghq.com/detail/7871543/?gh_jid=7871543,False
Datadog,"Senior Services Architect, Security-Cloud SIEM",Cybersecurity,Maybe,New York,"New York, New York, USA",2026-06-26 13:34,https://careers.datadoghq.com/detail/7996907/?gh_jid=7996907,False
Datadog,Security Sales Engineer,Cybersecurity,Maybe,Remote (US),"Florida, USA, Remote; Massachusetts, USA, Remote; New York, USA, Remote",2026-06-24 11:28,https://careers.datadoghq.com/detail/7554877/?gh_jid=7554877,False
Deepwatch,SOC Team Lead,Cybersecurity,Maybe,Florida,"Tampa, FL Hybrid",2026-07-07 21:12,https://www.deepwatch.com/current-job-openings/?gh_jid=4712680005,False
Dropbox,"Senior Governance, Risk, & Compliance Program Manager",Cybersecurity,Maybe,Remote (US),Remote - US: Select locations,2026-07-02 13:48,https://jobs.dropbox.com/listing/7773721?gh_jid=7773721,False
Dropbox,Senior Infrastructure Security Engineer,Cybersecurity,Maybe,Remote (US),Remote - US: Select locations,2026-07-02 13:48,https://jobs.dropbox.com/listing/7967465?gh_jid=7967465,False
Faire,Senior Staff Engineer Product Security,Cybersecurity,Maybe,California,"San Francisco, CA",2026-03-19 00:00,https://remoteOK.com/remote-jobs/remote-senior-staff-engineer-product-security-faire-1130828,False
Fastly,Senior Engineer - Security Products (Backend APIs),Cybersecurity,Maybe,California,"San Francisco, CA",2026-06-25 16:58,https://www.fastly.com/about/jobs/apply?gh_jid=8011076,False
Fastly,Security Risk Lead,Cybersecurity,Maybe,"California, Colorado, New York","Denver, CO; New York City, NY; San Francisco, CA",2026-06-22 13:34,https://www.fastly.com/about/jobs/apply?gh_jid=7615779,False
Fastly,"Senior Manager, Engineering - Platform Security",Cybersecurity,Maybe,"California, Colorado, New York","Denver, CO; New York City, NY; San Francisco, CA",2026-06-22 13:34,https://www.fastly.com/about/jobs/apply?gh_jid=7901940,False
GuidePoint Security,"Senior Cyber Security Analyst - Aurora, CO",Cybersecurity,Maybe,Colorado,"Aurora, CO",2026-06-24 14:24,https://boards.greenhouse.io/guidepointsecurity/jobs/6081714004?gh_jid=6081714004,False
GuidePoint Security,Network Security Engineer,Cybersecurity,Maybe,"Maryland, Virginia, Washington DC","DC, MD, VA",2026-06-24 14:19,https://boards.greenhouse.io/guidepointsecurity/jobs/6020492004?gh_jid=6020492004,False
GuidePoint Security,CNAPP Cloud Security Engineer (Remote) - Northeast region,Cybersecurity,Maybe,Massachusetts,"Boston, MA",2026-06-28 10:16,https://boards.greenhouse.io/guidepointsecurity/jobs/5987458004?gh_jid=5987458004,False
GuidePoint Security,Director of Cybersecurity Advisory - Northeast region,Cybersecurity,Maybe,Massachusetts,"Boston, MA",2026-06-16 16:32,https://boards.greenhouse.io/guidepointsecurity/jobs/5852081004?gh_jid=5852081004,False
GuidePoint Security,Senior Security Architect (Philadelphia Metro) - Mid-Atlantic region,Cybersecurity,Maybe,Pennsylvania,"Philadelphia, PA",2026-06-16 16:36,https://boards.greenhouse.io/guidepointsecurity/jobs/5743542004?gh_jid=5743542004,False
GuidePoint Security,"AI Security Engineer - Mid-Atlantic region (Remote in VA, MD, PA, NC, DE, NJ, or DC)",Cybersecurity,Maybe,Remote (US),Remote,2026-06-16 16:30,https://boards.greenhouse.io/guidepointsecurity/jobs/6030474004?gh_jid=6030474004,False
GuidePoint Security,"Application Security Engineer - Mid-Atlantic region (Remote in VA, MD, PA, NC, DE, NJ, or DC)",Cybersecurity,Maybe,Remote (US),Remote,2026-06-18 13:41,https://boards.greenhouse.io/guidepointsecurity/jobs/6094965004?gh_jid=6094965004,False
GuidePoint Security,Application Security Engineer (Remote in the U.S.),Cybersecurity,Maybe,Remote (US),Remote,2026-06-19 07:22,https://boards.greenhouse.io/guidepointsecurity/jobs/6009383004?gh_jid=6009383004,False
GuidePoint Security,Network Security Engineer (Zscaler) - Mid-Atlantic region (Remote - EST preferred),Cybersecurity,Maybe,Remote (US),Remote,2026-06-16 16:34,https://boards.greenhouse.io/guidepointsecurity/jobs/5835641004?gh_jid=5835641004,False
GuidePoint Security,Principal AWS Cloud Security Consultant- Remote (Anywhere in the U.S.),Cybersecurity,Maybe,Remote (US),Remote,2026-06-16 16:31,https://boards.greenhouse.io/guidepointsecurity/jobs/5891994004?gh_jid=5891994004,False
GuidePoint Security,Principal OT Security Engineer- Remote (Anywhere in the U.S.),Cybersecurity,Maybe,Remote (US),Remote,2026-07-09 09:49,https://boards.greenhouse.io/guidepointsecurity/jobs/6112420004?gh_jid=6112420004,False
GuidePoint Security,Security Architect (Presales) - Northeast region (Remote),Cybersecurity,Maybe,Remote (US),Remote,2026-06-29 11:04,https://boards.greenhouse.io/guidepointsecurity/jobs/6103717004?gh_jid=6103717004,False
GuidePoint Security,"Security Consultant, Compliance- Remote (Anywhere in the U.S.)",Cybersecurity,Maybe,Remote (US),Remote,2026-06-16 16:32,https://boards.greenhouse.io/guidepointsecurity/jobs/6008482004?gh_jid=6008482004,False
GuidePoint Security,Security Consultant-Threat & Attack Simulation- Remote (Anywhere in the U.S.),Cybersecurity,Maybe,Remote (US),Remote,2026-07-09 08:33,https://boards.greenhouse.io/guidepointsecurity/jobs/6111144004?gh_jid=6111144004,False
GuidePoint Security,"Senior Application Security Consultant, Strategic Services- Remote (Anywhere in the U.S.)",Cybersecurity,Maybe,Remote (US),Remote,2026-06-23 09:14,https://boards.greenhouse.io/guidepointsecurity/jobs/6099423004?gh_jid=6099423004,False
GuidePoint Security,Senior Cyber Security Consultant- Compliance (Remote- Anywhere in the Continental U.S.),Cybersecurity,Maybe,Remote (US),Remote,2026-06-16 16:33,https://boards.greenhouse.io/guidepointsecurity/jobs/6006055004?gh_jid=6006055004,False
GuidePoint Security,Senior PAM Engineer - CyberArk (Remote in the US),Cybersecurity,Maybe,Remote (US),Remote,2026-06-23 17:30,https://boards.greenhouse.io/guidepointsecurity/jobs/6099961004?gh_jid=6099961004,False
GuidePoint Security,Senior Security Advisor - IAM (Remote in the US),Cybersecurity,Maybe,Remote (US),Remote,2026-06-26 13:33,https://boards.greenhouse.io/guidepointsecurity/jobs/6099503004?gh_jid=6099503004,False
GuidePoint Security,Senior Security Automation Engineer (SOAR) - Mid-Atlantic region (Remote),Cybersecurity,Maybe,Remote (US),Remote,2026-06-20 08:53,https://boards.greenhouse.io/guidepointsecurity/jobs/6017633004?gh_jid=6017633004,False
GuidePoint Security,Senior Security Engineer (Firewall) - Mid-Atlantic region,Cybersecurity,Maybe,Remote (US),Remote,2026-06-16 16:37,https://boards.greenhouse.io/guidepointsecurity/jobs/5843886004?gh_jid=5843886004,False
GuidePoint Security,Senior Security Engineer - Northwest region,Cybersecurity,Maybe,Remote (US),Remote,2026-06-16 16:38,https://boards.greenhouse.io/guidepointsecurity/jobs/5973290004?gh_jid=5973290004,False
GuidePoint Security,Sr Technical Data Security Architect- Remote (Anywhere in the U.S.),Cybersecurity,Maybe,Remote (US),Remote,2026-06-16 16:35,https://boards.greenhouse.io/guidepointsecurity/jobs/6004298004?gh_jid=6004298004,False
GuidePoint Security,"Team Lead, Data Security - Northeast region (Remote)",Cybersecurity,Maybe,Remote (US),Remote,2026-06-16 16:40,https://boards.greenhouse.io/guidepointsecurity/jobs/5837957004?gh_jid=5837957004,False
GuidePoint Security,Cloud Security Engineer,Cybersecurity,Maybe,Virginia,"Reston, VA",2026-07-08 13:34,https://boards.greenhouse.io/guidepointsecurity/jobs/6111621004?gh_jid=6111621004,False
GuidePoint Security,Enterprise Cloud Security Architect,Cybersecurity,Maybe,Virginia,"Reston, VA",2026-07-08 12:08,https://boards.greenhouse.io/guidepointsecurity/jobs/6111645004?gh_jid=6111645004,False
GuidePoint Security,Senior Cyber Security Engineer,Cybersecurity,Maybe,Virginia,"Chantilly, VA",2026-06-24 14:25,https://boards.greenhouse.io/guidepointsecurity/jobs/6011691004?gh_jid=6011691004,False
GuidePoint Security,Senior Network Security Engineer,Cybersecurity,Maybe,Virginia,"Chantilly, VA",2026-06-03 11:57,https://boards.greenhouse.io/guidepointsecurity/jobs/6012414004?gh_jid=6012414004,False
GuidePoint Security,Senior Security Architect (Northern Virginia) - Mid-Atlantic region,Cybersecurity,Maybe,Virginia,"Reston, VA",2026-06-16 16:36,https://boards.greenhouse.io/guidepointsecurity/jobs/5743554004?gh_jid=5743554004,False
GuidePoint Security,CNAPP Security Engineer Mid Atlantic region,Cybersecurity,Maybe,Virginia,"Reston, VA",2026-04-16 00:00,https://remoteOK.com/remote-jobs/remote-cnapp-security-engineer-mid-atlantic-region-guidepoint-security-1131144,False
Huntress,"Staff Product Manager, Endpoint Security Posture Management",Cybersecurity,Maybe,Remote (US),Remote US,2026-05-21 14:11,https://job-boards.greenhouse.io/huntress/jobs/7574100003,False
Inovalon,Data Governance & AI Strategy Advisor,Cybersecurity,Maybe,Maryland,"Bowie, MD",2026-07-07 11:02,https://www.inovalon.com/careers/job/?gh_jid=7788898003,False
Inovalon,Data Governance & AI Strategy Advisor,Cybersecurity,Maybe,Remote (US),Remote,2026-07-07 11:02,https://www.inovalon.com/careers/job/?gh_jid=7792794003,False
IonQ,Senior IAM Engineer,Cybersecurity,Maybe,"Colorado, Maryland, Remote (US), Washington","Bothell, Washington, United States; Boulder, Colorado, United States; College Park, Maryland, United States; Remote, US",2026-04-11 00:01,https://remoteOK.com/remote-jobs/remote-senior-iam-engineer-ionq-1131083,False
Keeper Security,"Senior Software Engineer, Cryptography & Secrets Management",Cybersecurity,Maybe,California,"El Dorado Hills, California, United States",2026-03-12 19:29,https://job-boards.greenhouse.io/keepersecurity/jobs/4091113009,False
Keeper Security,Information Security Engineer,Cybersecurity,Maybe,Remote (US),"Remote, US",2026-05-27 13:35,https://job-boards.greenhouse.io/keepersecurity/jobs/4139678009,False
Keeper Security,Senior Detection Engineer (SIEM / Security Observability),Cybersecurity,Maybe,Remote (US),"Remote, US",2026-04-16 13:00,https://job-boards.greenhouse.io/keepersecurity/jobs/4105389009,False
Keeper Security,"Senior Machine Learning Engineer, Cybersecurity / Threat Detection",Cybersecurity,Maybe,Remote (US),"Remote, US",2026-01-27 14:19,https://job-boards.greenhouse.io/keepersecurity/jobs/4105214009,False
Keeper Security,"Senior QA Analyst, Privileged Access Management",Cybersecurity,Maybe,Remote (US),"Remote, US",2026-07-06 17:30,https://job-boards.greenhouse.io/keepersecurity/jobs/4090651009,False
Keeper Security,"Senior SDET, API / Security",Cybersecurity,Maybe,Remote (US),"Remote, US",2026-03-16 12:17,https://job-boards.greenhouse.io/keepersecurity/jobs/4183460009,False
Keeper Security,"Senior Software Engineer, Endpoint Agent (MacOS)",Cybersecurity,Maybe,Remote (US),"Remote, US",2026-03-13 14:23,https://job-boards.greenhouse.io/keepersecurity/jobs/4183415009,False
Keeper Security,"Senior Software Engineer, Endpoint Agent (Windows)",Cybersecurity,Maybe,Remote (US),"Remote, US",2026-03-13 14:19,https://job-boards.greenhouse.io/keepersecurity/jobs/4183410009,False
Keeper Security,"Senior Technical Product Manager, Privileged Access Management (PAM)",Cybersecurity,Maybe,Remote (US),"Remote, US",2026-01-27 13:24,https://job-boards.greenhouse.io/keepersecurity/jobs/4106538009,False
Keeper Security,Senior Vulnerability Engineer,Cybersecurity,Maybe,Remote (US),"Remote, US",2026-04-15 12:12,https://job-boards.greenhouse.io/keepersecurity/jobs/4222114009,False
Marqeta,"Principal Security Engineer, Product & AI",Cybersecurity,Maybe,Remote (US),"Remote, USA",2026-06-25 15:29,https://job-boards.greenhouse.io/marqeta/jobs/7868953,False
MongoDB,"Security Software Engineer, Infrastructure Security (Staff or Senior)",Cybersecurity,Maybe,New York,Austin; New York City; San Francisco; Seattle; United States,2026-07-06 12:17,https://www.mongodb.com/careers/job/?gh_jid=7727896,False
MongoDB,"Senior Software Engineer, Server Security",Cybersecurity,Maybe,New York,New York City,2026-07-06 12:17,https://www.mongodb.com/careers/job/?gh_jid=7815677,False
MongoDB,"Site Reliability Engineer (Senior or Staff), Infrastructure Security",Cybersecurity,Maybe,New York,Austin; New York City; San Francisco; Seattle; United States,2026-07-06 12:17,https://www.mongodb.com/careers/job/?gh_jid=7758610,False
MoonPay,Product Security Manager,Cybersecurity,Maybe,Remote (US),United States (East Coast Time Zone) - Remote,2026-03-28 16:00,https://remoteOK.com/remote-jobs/remote-product-security-manager-moonpay-1130926,False
NerdWallet,Security Engineer II Canada,Cybersecurity,Maybe,Remote (US),Remote (US),2026-03-22 08:00,https://remoteOK.com/remote-jobs/remote-security-engineer-ii-canada-nerdwallet-1130860,False
Obsidian Security,AI Security Engineer,Cybersecurity,Maybe,California,"Palo Alto, California, USA",2026-07-03 02:01,https://job-boards.greenhouse.io/obsidiansecurity/jobs/5290880008,False
Obsidian Security,"Staff Product Manager, AI Governance & Supply Chain Integration Risk",Cybersecurity,Maybe,Remote (US),US Remote,2026-06-17 21:22,https://job-boards.greenhouse.io/obsidiansecurity/jobs/5268845008,False
Okta,"Staff Security Engineer, TDI",Cybersecurity,Maybe,California,"San Francisco, California",2026-06-30 12:41,https://www.okta.com/company/careers/opportunity/8015013?gh_jid=8015013,False
Okta,"Director, Product Manager - Okta Identity Threat Detection and Response Products",Cybersecurity,Maybe,"California, Illinois, New York, Washington","Bellevue, Washington; Chicago, Illinois; New York, New York; San Francisco, California; Toronto, Ontario, Canada; Washington, DC",2026-07-06 18:02,https://www.okta.com/company/careers/opportunity/7648611?gh_jid=7648611,False
Okta,Product Manager - Identity Threat Protection,Cybersecurity,Maybe,"California, Illinois, New York, Washington","Bellevue, Washington; Chicago, Illinois; New York, New York; San Francisco, California; Toronto, Ontario, Canada; Washington, DC",2026-06-24 14:05,https://www.okta.com/company/careers/opportunity/7603685?gh_jid=7603685,False
Okta,Senior Product Manager - Okta Identity Governance,Cybersecurity,Maybe,"California, Illinois, New York, Washington","Bellevue, Washington; Chicago, Illinois; New York, New York; San Francisco, California; Washington, DC",2026-07-02 19:45,https://www.okta.com/company/careers/opportunity/6593004?gh_jid=6593004,False
Okta,Staff Product Security Engineer,Cybersecurity,Maybe,"California, Illinois, New York, Washington","Bellevue, Washington; Chicago, Illinois; New York, New York; San Francisco, California; Washington, DC",2026-07-07 18:23,https://www.okta.com/company/careers/opportunity/7976658?gh_jid=7976658,False
Okta,"Staff Product Security Engineer, Reviews",Cybersecurity,Maybe,"California, Illinois, New York, Washington","Bellevue, Washington; Chicago, Illinois; New York, New York; San Francisco, California; Toronto, Ontario, Canada; Washington, DC",2026-06-24 14:06,https://www.okta.com/company/careers/opportunity/7976665?gh_jid=7976665,False
Okta,"Principal Product Manager, IAM Security & Agentic Identity",Cybersecurity,Maybe,"California, Illinois, Washington","Bellevue, Washington; Chicago, Illinois; San Francisco, California; Washington, DC",2026-06-24 14:06,https://www.okta.com/company/careers/opportunity/8009100?gh_jid=8009100,False
Okta,"Staff Product Marketing Manager, Security",Cybersecurity,Maybe,"California, Illinois, Washington","Bellevue, Washington; Chicago, Illinois; San Francisco, California; Toronto, Ontario, Canada",2026-07-07 11:48,https://www.okta.com/company/careers/opportunity/7559020?gh_jid=7559020,False
Okta,"Senior Product Manager, Privileged Access Management",Cybersecurity,Maybe,"Illinois, New York, Washington","Bellevue, Washington; Chicago, Illinois; New York, New York; Washington, DC",2026-06-24 14:05,https://www.okta.com/company/careers/opportunity/7839344?gh_jid=7839344,False
Okta,Sr. Product Manager - Agentic Security,Cybersecurity,Maybe,"Illinois, New York, Washington","Bellevue, Washington; Chicago, Illinois; New York, New York; Washington, DC",2026-07-08 18:03,https://www.okta.com/company/careers/opportunity/8038929?gh_jid=8038929,False
Okta,"Staff Software Engineer, Security Engineering",Cybersecurity,Maybe,"Illinois, New York, Washington","Bellevue, Washington; Chicago, Illinois; New York, New York; Washington, DC",2026-06-25 16:31,https://www.okta.com/company/careers/opportunity/7714159?gh_jid=7714159,False
OpenRouter,Security Engineer,Cybersecurity,Maybe,Remote (US),Remote (US),2026-01-28 08:00,https://remoteOK.com/remote-jobs/remote-security-engineer-openrouter-1129851,False
Palantir,Administrative Business Partner - Security,Cybersecurity,Maybe,California,"Palo Alto, CA",2026-05-12 21:48,https://jobs.lever.co/palantir/0bbfd4f4-41ff-4ec6-b73f-5200efd5d4d3,False
Palantir,Senior Identity Security Engineer,Cybersecurity,Maybe,California,"Palo Alto, CA",2026-05-28 21:17,https://jobs.lever.co/palantir/bb7af139-064c-4a59-a784-9ba8c4324d21,False
Palantir,Administrative Business Partner - Security,Cybersecurity,Maybe,New York,"New York, NY",2026-03-03 15:17,https://jobs.lever.co/palantir/fe2a8c69-49b7-405f-816c-a6c6f894399a,False
Palantir,Application Security Engineer,Cybersecurity,Maybe,New York,"New York, NY",2017-06-27 21:56,https://jobs.lever.co/palantir/7e3ec54c-b73a-4014-8ef3-cdce8a4953c4,False
Palantir,Information Security Engineer,Cybersecurity,Maybe,New York,"New York, NY",2025-01-29 21:50,https://jobs.lever.co/palantir/e2a8360a-710a-4185-b2a9-3b7d9fe590b1,False
Palantir,Information Security Engineer - DLP,Cybersecurity,Maybe,New York,"New York, NY",2026-04-15 20:22,https://jobs.lever.co/palantir/fde4cd4c-f6fd-4656-a1ce-3ca27bb1878f,False
Palantir,Information Security Engineer - Endpoint,Cybersecurity,Maybe,New York,"New York, NY",2026-04-16 00:16,https://jobs.lever.co/palantir/1e77a5e8-9843-4516-a186-7c24f0ff07a0,False
Palantir,Information Security Engineer - Insider Risk,Cybersecurity,Maybe,New York,"New York, NY",2026-04-14 14:31,https://jobs.lever.co/palantir/2127f3af-1fb3-4aa3-9aa1-eb06967e0166,False
Palantir,Information Systems Security Manager,Cybersecurity,Maybe,New York,"New York, NY",2025-10-13 20:46,https://jobs.lever.co/palantir/7e29b1cc-7f0d-4b12-b66c-4a2e56738d7e,False
Palantir,Operations Analyst - US Government Security,Cybersecurity,Maybe,New York,"New York, NY",2026-06-09 16:29,https://jobs.lever.co/palantir/2df67493-ffb3-4b34-bf3b-88b6750c3ea7,False
Palantir,Senior Identity Security Engineer,Cybersecurity,Maybe,New York,"New York, NY",2026-05-28 21:15,https://jobs.lever.co/palantir/144f32bc-21e5-42bd-9710-7165a22d51e1,False
Palantir,Application Security Engineer,Cybersecurity,Maybe,Washington,"Washington, D.C.",2016-03-16 23:41,https://jobs.lever.co/palantir/a5fdd5ec-d1f3-4837-83af-161b003931dd,False
Palantir,Defensive Security Analyst,Cybersecurity,Maybe,Washington,"Washington, D.C.",2026-01-08 11:51,https://jobs.lever.co/palantir/bc803bd5-7793-452d-9ae5-9301ee24615a,False
Palantir,Forward Deployed Security Engineer - US Government,Cybersecurity,Maybe,Washington,"Washington, D.C.",2026-03-09 20:23,https://jobs.lever.co/palantir/22053072-4c22-49c4-8299-28e107ceeb98,False
Palantir,Information Security Engineer,Cybersecurity,Maybe,Washington,"Seattle, WA",2025-01-29 21:51,https://jobs.lever.co/palantir/1124402c-2088-40c6-b6aa-b9ef7777519b,False
Palantir,Information Security Engineer,Cybersecurity,Maybe,Washington,"Washington, D.C.",2025-01-29 21:51,https://jobs.lever.co/palantir/36703f67-6fae-445c-9277-f946121faaa0,False
Palantir,Information Security Engineer - DLP,Cybersecurity,Maybe,Washington,"Washington, D.C.",2026-04-15 20:22,https://jobs.lever.co/palantir/3c788579-eec7-4897-b446-4afc944e79be,False
Palantir,Information Security Engineer - Endpoint,Cybersecurity,Maybe,Washington,"Washington, D.C.",2026-04-16 00:15,https://jobs.lever.co/palantir/4bfef5e0-6689-4db8-9ffe-ab6df6836845,False
Palantir,Information Security Engineer - Insider Risk,Cybersecurity,Maybe,Washington,"Seattle, WA",2026-04-14 14:32,https://jobs.lever.co/palantir/6bddf672-5920-46f3-8127-2a15a377cb99,False
Palantir,Information Security Engineer - Insider Risk,Cybersecurity,Maybe,Washington,"Washington, D.C.",2026-04-14 14:32,https://jobs.lever.co/palantir/b0e1823a-fbe7-4c9d-a4d3-a1e738db2589,False
Palantir,Senior Identity Security Engineer,Cybersecurity,Maybe,Washington,"Washington, D.C.",2026-05-28 21:18,https://jobs.lever.co/palantir/146aba99-2a9a-44ee-9fb3-42dd1e211221,False
PermitFlow,Security Engineer,Cybersecurity,Maybe,New York,New York City,2026-02-13 00:00,https://remoteOK.com/remote-jobs/remote-security-engineer-permitflow-1130241,False
Ping Identity,Senior IAM Architect,Cybersecurity,Maybe,Remote (US),USA - Remote,2026-06-11 16:40,https://job-boards.greenhouse.io/pingidentity/jobs/8582934002,False
Reddit,"Senior Machine Learning Engineer, GenAI Security",Cybersecurity,Maybe,Remote (US),Remote - United States,2026-07-08 12:15,https://job-boards.greenhouse.io/reddit/jobs/7891887,False
Reddit,"Senior Security Engineer, AI Security",Cybersecurity,Maybe,Remote (US),Remote - United States,2026-07-08 12:15,https://job-boards.greenhouse.io/reddit/jobs/8039261,False
Reddit,Staff Product Security Engineer,Cybersecurity,Maybe,Remote (US),Remote - United States,2026-07-08 12:15,https://job-boards.greenhouse.io/reddit/jobs/7868511,False
Robinhood,"Security Engineer, AI Vulnerability Management",Cybersecurity,Maybe,California,"Menlo Park, CA",2026-06-24 16:17,https://boards.greenhouse.io/robinhood/jobs/7939818?t=gh_src=&gh_jid=7939818,False
Robinhood,"Security Engineer, Detection & Response",Cybersecurity,Maybe,California,"Menlo Park, CA",2026-07-02 09:28,https://boards.greenhouse.io/robinhood/jobs/7697725?t=gh_src=&gh_jid=7697725,False
Robinhood,Staff Offensive Security Engineer,Cybersecurity,Maybe,"California, New York, Washington","Bellevue, WA; Menlo Park, CA; New York, NY",2026-07-07 14:33,https://boards.greenhouse.io/robinhood/jobs/7460167?t=gh_src=&gh_jid=7460167,False
Robinhood,"Senior Security Engineer, Application Security",Cybersecurity,Maybe,"California, Washington","Bellevue, WA; Menlo Park, CA",2026-07-08 14:33,https://boards.greenhouse.io/robinhood/jobs/7918258?t=gh_src=&gh_jid=7918258,False
Robinhood,"Staff Security Engineer, Application Security",Cybersecurity,Maybe,"California, Washington","Bellevue, WA; Menlo Park, CA",2026-07-08 14:32,https://boards.greenhouse.io/robinhood/jobs/7754299?t=gh_src=&gh_jid=7754299,False
Robinhood,Senior Cloud Security Engineer,Cybersecurity,Maybe,Washington,"Bellevue, WA",2026-06-24 16:17,https://boards.greenhouse.io/robinhood/jobs/7178427?t=gh_src=&gh_jid=7178427,False
Robinhood,Senior Penetration Tester,Cybersecurity,Maybe,Washington,"Bellevue, WA",2026-06-24 16:17,https://boards.greenhouse.io/robinhood/jobs/7939813?t=gh_src=&gh_jid=7939813,False
Robinhood,"Senior Software Engineer, Security Platform",Cybersecurity,Maybe,Washington,"Bellevue, WA",2026-06-24 16:17,https://boards.greenhouse.io/robinhood/jobs/7899482?t=gh_src=&gh_jid=7899482,False
Robinhood,"Staff Software Engineer, Security",Cybersecurity,Maybe,Washington,"Bellevue, WA",2026-06-24 16:17,https://boards.greenhouse.io/robinhood/jobs/7819461?t=gh_src=&gh_jid=7819461,False
Rubrik,"Director, Product Management- Data Threat Analytics",Cybersecurity,Maybe,California,"Palo Alto, CA",2026-07-09 12:48,https://www.rubrik.com/company/careers/departments/job.7508544?gh_jid=7508544,False
Rubrik,"Staff Platform Product Manager, Platform & Cloud Security",Cybersecurity,Maybe,California,"Palo Alto, CA",2026-07-06 17:24,https://www.rubrik.com/company/careers/departments/job.7423902?gh_jid=7423902,False
Rubrik,"Staff Product Manager, Rubrik Security Cloud AI Platform",Cybersecurity,Maybe,California,"Palo Altp, CA",2026-07-06 17:24,https://www.rubrik.com/company/careers/departments/job.7891325?gh_jid=7891325,False
Rubrik,Application Security Engineer,Cybersecurity,Maybe,Remote (US),US - Remote,2026-07-06 17:24,https://www.rubrik.com/company/careers/departments/job.7616016?gh_jid=7616016,False
Rubrik,Senior IAM Engineer - FedRAMP,Cybersecurity,Maybe,Remote (US),Remote,2026-07-09 14:48,https://www.rubrik.com/company/careers/departments/job.7391657?gh_jid=7391657,False
Samsara,Sr. Security Engineer - Enterprise Security,Cybersecurity,Maybe,California,Remote - CA,2026-06-11 11:29,https://www.samsara.com/company/careers/roles/7752492?gh_jid=7752492,False
Samsara,"Director, GTM Data Governance & Strategy",Cybersecurity,Maybe,Remote (US),Remote - US,2026-06-25 14:49,https://www.samsara.com/company/careers/roles/7847218?gh_jid=7847218,False
Samsara,Senior Security Operations Engineer I,Cybersecurity,Maybe,Remote (US),Remote - US,2026-07-01 18:03,https://www.samsara.com/company/careers/roles/8021105?gh_jid=8021105,False
Smartsheet,Director Field Security,Cybersecurity,Maybe,Remote (US),Remote (US),2026-04-28 08:00,https://remoteOK.com/remote-jobs/remote-director-field-security-smartsheet-1131360,False
Sophos,"Senior Advisor, Incident Response",Cybersecurity,Maybe,Texas,"Dallas, TX",2026-06-23 18:43,https://jobs.lever.co/sophos/e72ab168-4317-4c6f-abf1-378409c84628,False
Stripe,Client Platform Security Engineer,Cybersecurity,Maybe,New York,"New York, New York ",2026-07-09 14:12,https://stripe.com/jobs/search?gh_jid=7982720,False
Stripe,"Program Manager, Security Business Enablement",Cybersecurity,Maybe,Remote (US),US-REMOTE,2026-06-26 17:05,https://stripe.com/jobs/search?gh_jid=7966641,False
Stripe,"Program Manager, Security Business Enablement",Cybersecurity,Maybe,Remote (US),US - Remote,2026-06-26 17:05,https://stripe.com/jobs/search?gh_jid=7917252,False
Stripe,Security Engineer,Cybersecurity,Maybe,Remote (US),"South San Francisco, CA and US-Remote",2026-06-26 17:05,https://stripe.com/jobs/search?gh_jid=7923191,False
Stripe,"Software Engineer, Security Analytics Infrastructure",Cybersecurity,Maybe,Remote (US),US - Remote,2026-06-26 17:05,https://stripe.com/jobs/search?gh_jid=7826761,False
Stripe,"Technical Program Manager,  Identity and Access Management Programs",Cybersecurity,Maybe,Remote (US),"Remote in the US, Chicago, Atlanta",2026-06-26 17:05,https://stripe.com/jobs/search?gh_jid=7417090,False
Stripe,Security Engineer,Cybersecurity,Maybe,Washington,"Seattle, WA",2026-06-26 17:05,https://stripe.com/jobs/search?gh_jid=7923209,False
Sumo Logic,Staff Threat Research Engineer,Cybersecurity,Maybe,Remote (US),"Remote, USA",2026-07-06 13:13,https://job-boards.greenhouse.io/sumologic/jobs/7505134,False
Tanium,Director of Product Management - Endpoint Management Partner Integrations,Cybersecurity,Maybe,"California, North Carolina, Texas, Washington","Addison, TX (Hybrid); Bellevue, WA (Hybrid); Durham, NC (Hybrid); Emeryville, CA (Hybrid)",2026-06-30 13:08,https://job-boards.greenhouse.io/tanium/jobs/7944552,False
Tenable,"Channel Sales Engineer - Security, AI",Cybersecurity,Maybe,Remote (US),"US - Remote - Atlanta - Georgia , US - Headquarters - Maryland - Columbia",2026-06-15 11:24,https://job-boards.greenhouse.io/tenableinc/jobs/5262487008,False
Tenable,"Security Sales Engineer - Chicago, Pre-sales",Cybersecurity,Maybe,Remote (US),US - Remote - Illinois,2026-07-07 12:31,https://job-boards.greenhouse.io/tenableinc/jobs/5237863008,False
Tenable,Senior Software Engineer - Cloud Security,Cybersecurity,Maybe,Remote (US),"US - Remote - Massachusetts , US - Headquarters - Maryland - Columbia",2026-07-08 13:17,https://job-boards.greenhouse.io/tenableinc/jobs/5277490008,False
ThreatLocker,Cybersecurity Community Champion,Cybersecurity,Maybe,Florida,"Orlando, FL",2026-06-16 15:22,https://job-boards.greenhouse.io/threatlocker/jobs/5784564004,False
ThreatLocker,Cyber Threat Intelligence Research Analyst,Cybersecurity,Maybe,Florida,"Orlando, FL",2026-03-31 09:04,https://job-boards.greenhouse.io/threatlocker/jobs/5710154004,False
ThreatLocker,Software Developer – Security Code Review,Cybersecurity,Maybe,Florida,"Orlando, FL",2026-05-22 10:28,https://job-boards.greenhouse.io/threatlocker/jobs/5698273004,False
Trace3,Sr. Solutions Architect | Security (Northern California),Cybersecurity,Maybe,California,"Sacramento, CA",2026-06-27 01:04,https://job-boards.greenhouse.io/trace3/jobs/7826160,False
Trace3,Senior Solution Architect | Security Generalist (Minnesota),Cybersecurity,Maybe,Illinois,"Chicago, IL",2026-06-23 13:56,https://job-boards.greenhouse.io/trace3/jobs/7736048,False
Trace3,"Manager, Data Governance (Remote)",Cybersecurity,Maybe,Texas,"Dallas, TX",2026-06-23 13:56,https://job-boards.greenhouse.io/trace3/jobs/7985471,False
Twilio,Global Security Operations Center Operator,Cybersecurity,Maybe,Remote (US),Remote - US,2026-07-09 14:09,https://job-boards.greenhouse.io/twilio/jobs/7808464,False
Twilio,Staff Engineer - Offensive Security,Cybersecurity,Maybe,Remote (US),Remote - US,2026-07-09 14:09,https://job-boards.greenhouse.io/twilio/jobs/8048657,False
UltraViolet Cyber,Associate Principal Red Team Consultant,Cybersecurity,Maybe,Remote (US),Remote,2026-06-18 17:31,https://jobs.lever.co/uvcyber/c7507339-ccd9-4b7d-9341-c725b7cc0f26,False
UltraViolet Cyber,"Sales Executive, Offensive Security Services Consulting | Southeast",Cybersecurity,Maybe,Remote (US),Remote,2026-06-15 14:10,https://jobs.lever.co/uvcyber/59593739-b33f-4dcd-9ddc-2f28359f06ae,False
UltraViolet Cyber,AWS Cloud Governance & Compliance Advisor (Top Secret),Cybersecurity,Maybe,Virginia,"Springfield, VA",2026-06-16 18:11,https://jobs.lever.co/uvcyber/4c7a7dcb-b75a-49fc-a174-da21131499e4,False
UltraViolet Cyber,AWS Cloud Security Architect (Top Secret),Cybersecurity,Maybe,Virginia,"Springfield, VA",2026-06-11 15:47,https://jobs.lever.co/uvcyber/569b342b-e9c0-4e58-a145-31671ca979e5,False
UltraViolet Cyber,AWS Cloud Security Engineer (Top Secret),Cybersecurity,Maybe,Virginia,"Springfield, VA",2026-06-11 17:03,https://jobs.lever.co/uvcyber/f36312c5-6c6a-43fc-a6ee-720aca413a78,False
UltraViolet Cyber,Information Systems Security Officer (Secret Clearance),Cybersecurity,Maybe,Virginia,"Bluemont, VA",2026-06-03 04:06,https://jobs.lever.co/uvcyber/f7b2fba5-bbcd-4808-ac13-dea1d1b99568,False
UltraViolet Cyber,"Security (SOC) Analyst, Secret Clearance Required",Cybersecurity,Maybe,Virginia,"Herndon, VA",2023-08-16 23:09,https://jobs.lever.co/uvcyber/9f2b6fee-9834-4d26-9d70-5ac8f996494e,False
UltraViolet Cyber,Security Controls Assessor,Cybersecurity,Maybe,Virginia,"Bluemont, VA",2026-06-03 04:08,https://jobs.lever.co/uvcyber/cacdfc1c-8aa5-4b31-8f78-8c973a060756,False
UltraViolet Cyber,Senior Information Systems Security Officer (Secret Clearance),Cybersecurity,Maybe,Virginia,"Bluemont, VA",2026-06-03 04:03,https://jobs.lever.co/uvcyber/042f6941-cbf9-48ba-9abc-88fd26dbb0aa,False
UltraViolet Cyber,"Senior Security (SOC) Analyst, Secret Clearance Required",Cybersecurity,Maybe,Virginia,"Herndon, VA",2025-12-11 21:26,https://jobs.lever.co/uvcyber/1c168122-8406-493e-ae61-3624b7369526,False
UltraViolet Cyber,"Senior Security (SOC) Analyst, Secret Clearance Required",Cybersecurity,Maybe,Virginia,"Herndon, VA",2025-08-05 19:30,https://jobs.lever.co/uvcyber/5af6f94e-c12a-4a50-9f32-e1aff6bf297b,False
UltraViolet Cyber,Senior Security Analyst (Top Secret),Cybersecurity,Maybe,Virginia,"Springfield, VA",2026-06-11 15:51,https://jobs.lever.co/uvcyber/2838df4b-6b43-4d2b-85b1-190aff4b18e6,False
UltraViolet Cyber,Security Analyst II (SOC Analyst),Cybersecurity,Maybe,Washington,"Camas, WA",2026-06-10 16:19,https://jobs.lever.co/uvcyber/38eff83a-0162-4b7a-8188-96fce21c2c63,False
Valon Tech,Staff Product Security Engineer Customer Platform,Cybersecurity,Maybe,Remote (US),Remote (US),2026-02-12 08:00,https://remoteOK.com/remote-jobs/remote-staff-product-security-engineer-customer-platform-valon-tech-1130220,False
Veeam Software,Senior Sales Engineer Data & AI Security,Cybersecurity,Maybe,Missouri,"Saint Louis, MO, USA",2026-03-15 16:00,https://remoteOK.com/remote-jobs/remote-senior-sales-engineer-data-ai-security-veeam-software-1130787,False
Verkada,Compliance TPM - Device Security,Cybersecurity,Maybe,California,"San Mateo, CA United States",2026-06-24 17:45,https://job-boards.greenhouse.io/verkada/jobs/5167243007,False
Verkada,Director of Global Security,Cybersecurity,Maybe,California,"San Mateo, CA United States",2026-06-24 17:45,https://job-boards.greenhouse.io/verkada/jobs/5155848007,False
Verkada,Embedded Linux Security Engineer,Cybersecurity,Maybe,California,"San Mateo, CA United States",2026-06-24 17:45,https://job-boards.greenhouse.io/verkada/jobs/4129347007,False
Verkada,GRC Engineer,Cybersecurity,Maybe,California,"San Mateo, CA United States",2026-06-29 16:55,https://job-boards.greenhouse.io/verkada/jobs/5147165007,False
Verkada,"Lead Product Manager, Security Trailers",Cybersecurity,Maybe,California,"San Mateo, CA United States",2026-06-24 17:45,https://job-boards.greenhouse.io/verkada/jobs/5062987007,False
Verkada,"Product Marketing Manager, Privacy and Video Security",Cybersecurity,Maybe,California,"San Mateo, CA United States",2026-07-01 17:52,https://job-boards.greenhouse.io/verkada/jobs/5150337007,False
Verkada,"Security Engineer, Core Command",Cybersecurity,Maybe,California,"San Mateo, CA United States",2026-06-24 17:45,https://job-boards.greenhouse.io/verkada/jobs/5167601007,False
Verkada,Staff Backend Engineer - Device Security,Cybersecurity,Maybe,California,"San Mateo, CA United States",2026-06-24 17:45,https://job-boards.greenhouse.io/verkada/jobs/5154370007,False
Verkada,"Staff+ Security Engineer, Developer Tools",Cybersecurity,Maybe,California,"San Mateo, CA United States",2026-06-24 17:45,https://job-boards.greenhouse.io/verkada/jobs/5167607007,False
Verkada,Staff Software Engineer - Detection and Response Platform,Cybersecurity,Maybe,California,"San Mateo, CA United States",2026-06-24 17:45,https://job-boards.greenhouse.io/verkada/jobs/5143766007,False
Verkada,"Staff+ Software Engineer, Security Infrastructure",Cybersecurity,Maybe,California,"San Mateo, CA United States",2026-06-24 17:45,https://job-boards.greenhouse.io/verkada/jobs/5144160007,False
Wiz,Threat Detection Researcher (Windows/Linux/MacOS),Cybersecurity,Maybe,New York,New York City,2026-07-07 04:48,https://www.wiz.io/careers/job/4693950006/:title?gh_jid=4693950006,False
Wiz,Threat Intelligence Researcher (Cloud),Cybersecurity,Maybe,"New York, Remote (US)",New York City; Remote - USA,2026-05-28 06:26,https://www.wiz.io/careers/job/4625139006/:title?gh_jid=4625139006,False
Wiz,Software Security Engineer - Corporate Platforms,Cybersecurity,Maybe,Remote (US),Remote - USA,2026-06-22 14:11,https://www.wiz.io/careers/job/4675321006/:title?gh_jid=4675321006,False
Workwize,Security Specialist,Cybersecurity,Maybe,Remote (US),Remote (US),2026-02-19 00:04,https://remoteOK.com/remote-jobs/remote-security-specialist-workwize-1130423,False
Zscaler,"Senior Product Marketing Manager, Zero Trust Branch",Cybersecurity,Maybe,California,"San Jose, California, USA",2026-06-23 15:27,https://job-boards.greenhouse.io/zscaler/jobs/5155234007,False
Zscaler,"Senior Product Marketing Manager, Zero Trust Cloud",Cybersecurity,Maybe,California,"San Jose, California, USA",2026-06-23 15:27,https://job-boards.greenhouse.io/zscaler/jobs/5155237007,False
Zscaler,"Sr. Staff Machine Learning Engineer - Data Lake, Anomaly Detection",Cybersecurity,Maybe,California,"San Jose, California, USA",2026-07-08 13:14,https://job-boards.greenhouse.io/zscaler/jobs/5114450007,False
Zscaler,"Staff Software Engineer (Python/Go, Cloud Network Security, Controlplane)",Cybersecurity,Maybe,California,"San Jose, California, USA",2026-06-23 15:27,https://job-boards.greenhouse.io/zscaler/jobs/5124751007,False
Zscaler,Security Compliance Architect,Cybersecurity,Maybe,"California, Remote (US)","Remote - USA; San Jose, California, USA",2026-06-29 11:33,https://job-boards.greenhouse.io/zscaler/jobs/5140589007,False
Zscaler,"Senior Director, Head of Cybersecurity & Privacy Legal",Cybersecurity,Maybe,"California, Remote (US)","Remote - USA; San Jose, California, USA",2026-07-06 12:28,https://job-boards.greenhouse.io/zscaler/jobs/5167473007,False
Zscaler,Principal AI Security Specialist - West,Cybersecurity,Maybe,"California, Remote (US), Washington","Bellevue, Washington, USA; Remote - California, USA; Remote - Colorado, USA; Remote - Oregon, USA; Remote - Washington, USA; San Jose, California, USA",2026-06-28 16:18,https://job-boards.greenhouse.io/zscaler/jobs/5174763007,False
Zscaler,"Senior Software Development Engineer-Network, Security, LLM (AI Security)",Cybersecurity,Maybe,"California, Washington","Bellevue, Washington, USA; San Jose, California, USA",2026-07-07 12:55,https://job-boards.greenhouse.io/zscaler/jobs/5146136007,False
Zscaler,"Sr. Staff Software Development Engineer-AI Security (Network, Security, LLM)",Cybersecurity,Maybe,"California, Washington","Bellevue, Washington, USA; San Jose, California, USA",2026-06-23 15:27,https://job-boards.greenhouse.io/zscaler/jobs/5146138007,False
Zscaler,"Director, AI Security Specialist",Cybersecurity,Maybe,Remote (US),Remote - USA,2026-06-30 13:11,https://job-boards.greenhouse.io/zscaler/jobs/5174757007,False
Zscaler,"Director, Product Management, Customer Security Outcomes",Cybersecurity,Maybe,Remote (US),Remote - USA,2026-06-23 15:27,https://job-boards.greenhouse.io/zscaler/jobs/5149191007,False
Zscaler,Principal AI Security Specialist - East,Cybersecurity,Maybe,Remote (US),"Remote - Massachusetts, USA; Remote - New Jersey, USA; Remote - New York, USA; Remote - Pennsylvania, USA",2026-06-28 16:17,https://job-boards.greenhouse.io/zscaler/jobs/5174759007,False
Zscaler,Principal AI Security Specialist - South,Cybersecurity,Maybe,Remote (US),"Remote - Florida, USA; Remote - Georgia, USA; Remote - Tennessee, USA; Remote - Texas, USA",2026-06-28 16:17,https://job-boards.greenhouse.io/zscaler/jobs/5174761007,False
Zscaler,Principal Specialist Sales Engineer - Data Security - West/South,Cybersecurity,Maybe,Remote (US),"Remote - Alabama, USA; Remote - Arizona, USA; Remote - California, USA; Remote - Colorado, USA; Remote - Florida, USA; Remote - Louisiana, USA; Remote - Nevada, USA; Remote - New Mexico, USA; Remote - Oregon, USA; Remote - Tennessee, USA; Remote - Utah, USA; Remote - Washington, USA",2026-06-23 15:27,https://job-boards.greenhouse.io/zscaler/jobs/5132564007,False
Zscaler,"Principal Specialist Sales Engineer, Zero Trust Branch",Cybersecurity,Maybe,Remote (US),Remote - USA,2026-06-23 15:27,https://job-boards.greenhouse.io/zscaler/jobs/5153361007,False
Zscaler,"Security Architect, Agentic AI",Cybersecurity,Maybe,Remote (US),Remote - USA,2026-06-23 15:27,https://job-boards.greenhouse.io/zscaler/jobs/5132492007,False
Zscaler,"Senior Manager, Information Security Engineering",Cybersecurity,Maybe,Remote (US),Remote - USA,2026-06-29 17:49,https://job-boards.greenhouse.io/zscaler/jobs/5151904007,False
Zscaler,Senior Solutions Consultant - AI Security (NY/NJ),Cybersecurity,Maybe,Remote (US),"Remote - New Jersey, USA; Remote - New York, USA",2026-06-23 15:27,https://job-boards.greenhouse.io/zscaler/jobs/4991260007,False
Zscaler,"Specialist Account Executive, Data Security - Commercial",Cybersecurity,Maybe,Remote (US),Remote - USA,2026-06-23 15:27,https://job-boards.greenhouse.io/zscaler/jobs/5153375007,False
Zscaler,"Specialist Account Executive, Data Security - Enterprise",Cybersecurity,Maybe,Remote (US),"Remote - New York, USA",2026-07-09 12:04,https://job-boards.greenhouse.io/zscaler/jobs/5179466007,False
Zscaler,"Specialist Account Executive, Data Security - Majors",Cybersecurity,Maybe,Remote (US),Remote - USA,2026-06-30 14:01,https://job-boards.greenhouse.io/zscaler/jobs/5153373007,False
Zscaler,Specialty Sales Account Executive - Data Security SLED/Healthcare,Cybersecurity,Maybe,Remote (US),"Remote - Texas, USA",2026-06-23 15:27,https://job-boards.greenhouse.io/zscaler/jobs/5124291007,False
Zscaler,Principal AI Security Specialist - Federal,Cybersecurity,Maybe,"Remote (US), Virginia","McLean, Virginia, USA; Remote - D.C., USA",2026-06-28 16:17,https://job-boards.greenhouse.io/zscaler/jobs/5174765007,False
Zscaler,"Sr. Staff Site Reliability Engineer-Federal, Security Clearance",Cybersecurity,Maybe,Virginia,"Crystal City, Virginia, USA",2026-07-09 14:27,https://job-boards.greenhouse.io/zscaler/jobs/5128580007,False
Fastly,Global IT Support Supervisor,IT / On-Ramp,Yes,Colorado,"Denver, CO",2026-06-22 13:34,https://www.fastly.com/about/jobs/apply?gh_jid=7858957,False
Samsara,Technical Support Engineer,IT / On-Ramp,Yes (desc),Remote (US),Remote - US,2026-07-07 19:31,https://www.samsara.com/company/careers/roles/8017146?gh_jid=8017146,False
Amplitude,Technical Support Engineer (Statsig),IT / On-Ramp,Maybe,New York,"New York, NY",2026-06-18 18:38,https://job-boards.greenhouse.io/amplitude/jobs/8583053002,False
Carta,Senior IT Support Engineer,IT / On-Ramp,Maybe,California,"San Francisco, California",2026-06-24 16:55,https://job-boards.greenhouse.io/carta/jobs/7784260003,False
Cloudflare,Technical Support Engineer Intern (Fall 2026),IT / On-Ramp,Maybe,Indiana,In-Office,2026-07-08 10:44,https://boards.greenhouse.io/cloudflare/jobs/8041135?gh_jid=8041135,False
Databricks,Staff Designated Support Engineer,IT / On-Ramp,Maybe,California,"San Francisco, California",2026-07-01 18:31,https://databricks.com/company/careers/open-positions/job?gh_jid=7839474002,False
Databricks,Sr. Manager – Data & AI Support Engineering,IT / On-Ramp,Maybe,Texas,"Plano, Texas",2026-07-01 18:31,https://databricks.com/company/careers/open-positions/job?gh_jid=7914730002,False
Datadog,"Technical Support Engineer 2, Premier - San Francisco",IT / On-Ramp,Maybe,California,"San Francisco, California, USA",2026-07-07 15:47,https://careers.datadoghq.com/detail/7449072/?gh_jid=7449072,False
Datadog,"Technical Support Engineer 3, Premier - San Francisco",IT / On-Ramp,Maybe,California,"San Francisco, California, USA",2026-07-07 15:57,https://careers.datadoghq.com/detail/7758574/?gh_jid=7758574,False
Datadog,Federal Support Engineer 3,IT / On-Ramp,Maybe,Colorado,"Denver, Colorado, USA",2026-06-15 12:12,https://careers.datadoghq.com/detail/7997846/?gh_jid=7997846,False
Datadog,"Technical Support Engineer 2, Premier - Denver",IT / On-Ramp,Maybe,Colorado,"Denver, Colorado, USA",2026-06-15 13:00,https://careers.datadoghq.com/detail/7997872/?gh_jid=7997872,False
Expel,"Manager, Technical Support Engineering",IT / On-Ramp,Maybe,Remote (US),Remote,2026-07-07 08:41,https://expel.com/about/career-listing/8621616002?gh_jid=8621616002,False
Keeper Security,"Technical Consumer Support Specialist (Weekend Shift, Tues - Sat 8:30am - 5pm)",IT / On-Ramp,Maybe,Remote (US),"Remote, US",2026-07-01 17:57,https://job-boards.greenhouse.io/keepersecurity/jobs/4267804009,False
Palantir,Support Engineer,IT / On-Ramp,Maybe,New York,"New York, NY",2026-05-19 18:25,https://jobs.lever.co/palantir/838bce97-415d-4cdc-95ea-904005feb131,False
Robinhood,Support Engineer,IT / On-Ramp,Maybe,Texas,"Westlake, TX",2026-07-08 14:32,https://boards.greenhouse.io/robinhood/jobs/7847491?t=gh_src=&gh_jid=7847491,False
Samsara,"Business Operations Manager, Technical Support Ops",IT / On-Ramp,Maybe,Remote (US),Remote - US,2026-06-11 11:30,https://www.samsara.com/company/careers/roles/7761103?gh_jid=7761103,False
Samsara,L1 Senior Bilingual Technical Support Specialist,IT / On-Ramp,Maybe,Remote (US),Remote - US,2026-07-02 16:17,https://www.samsara.com/company/careers/roles/7834003?gh_jid=7834003,False
Samsara,L1 Senior Technical Support,IT / On-Ramp,Maybe,Remote (US),Remote - US,2026-06-19 11:03,https://www.samsara.com/company/careers/roles/8004063?gh_jid=8004063,False
Samsara,Product Support Engineer,IT / On-Ramp,Maybe,Remote (US),Remote - US,2026-07-08 03:03,https://www.samsara.com/company/careers/roles/8016952?gh_jid=8016952,False
Tenable,Technical Support Engineer (Hybrid/Columbia MD),IT / On-Ramp,Maybe,Maryland,US - Headquarters - Maryland - Columbia,2026-06-08 13:20,https://job-boards.greenhouse.io/tenableinc/jobs/5240071008,False
Tenable,Technical Support Engineer (Remote/West Coast),IT / On-Ramp,Maybe,Remote (US),"US - Remote - Washington, US - Remote - Oregon , US - Remote - California",2026-06-22 08:05,https://job-boards.greenhouse.io/tenableinc/jobs/5271457008,False
Tenable,Technical Support Manager - West Coast/Pacific Time Zone,IT / On-Ramp,Maybe,Remote (US),"US - Remote - Washington, US - Remote - Oregon, US - Remote - California , US - Remote - Arizona",2026-07-09 13:54,https://job-boards.greenhouse.io/tenableinc/jobs/5117126008,False
ThreatLocker,"Vice President, Technical Support",IT / On-Ramp,Maybe,Florida,"Orlando, FL",2026-06-30 09:02,https://job-boards.greenhouse.io/threatlocker/jobs/6104686004,False
Trace3,System Administrator II,IT / On-Ramp,Maybe,Alabama,"Huntsville, AL",2026-07-08 18:47,https://job-boards.greenhouse.io/trace3/jobs/8052656,False
Veriff,Senior Technical Support Engineer,IT / On-Ramp,Maybe,Remote (US),USA (Remote) ,2026-06-01 13:13,https://www.veriff.com/careers/position/8564900002?gh_jid=8564900002,False
Verkada,Senior Technical Support Engineer,IT / On-Ramp,Maybe,California,"San Mateo, CA United States",2026-06-24 17:45,https://job-boards.greenhouse.io/verkada/jobs/4997665007,False
Verkada,Technical Support Engineer,IT / On-Ramp,Maybe,California,"San Mateo, CA United States",2026-06-25 18:12,https://job-boards.greenhouse.io/verkada/jobs/5063200007,False
Verkada,Technical Support Engineering Intern - Fall 2026,IT / On-Ramp,Maybe,California,"San Mateo, CA United States",2026-06-26 15:36,https://job-boards.greenhouse.io/verkada/jobs/5017082007,False
Verkada,Technical Support Engineering Manager,IT / On-Ramp,Maybe,California,"San Mateo, CA United States",2026-06-24 17:45,https://job-boards.greenhouse.io/verkada/jobs/5144834007,False
Verkada,Technical Support Engineer - University Graduate 2026,IT / On-Ramp,Maybe,California,"San Mateo, CA United States",2026-06-25 18:12,https://job-boards.greenhouse.io/verkada/jobs/4715534007,False
Verkada,Technical Support Engineer,IT / On-Ramp,Maybe,New York,"New York City, NY United States",2026-06-25 18:12,https://job-boards.greenhouse.io/verkada/jobs/5172999007,False
Verkada,Technical Support Engineer - University Graduate 2026,IT / On-Ramp,Maybe,New York,"New York City, NY United States",2026-06-25 18:12,https://job-boards.greenhouse.io/verkada/jobs/5172974007,False
Wiz,"Manager, Solutions Support Engineering - East",IT / On-Ramp,Maybe,Remote (US),Remote - USA,2026-07-07 11:04,https://www.wiz.io/careers/job/4695082006/:title?gh_jid=4695082006,False
Wiz,Solutions Support Engineer - East,IT / On-Ramp,Maybe,Remote (US),Remote - USA,2026-06-04 11:22,https://www.wiz.io/careers/job/4666317006/:title?gh_jid=4666317006,False
Wiz,Solutions Support Engineer - West,IT / On-Ramp,Maybe,Remote (US),Remote - USA,2026-06-04 11:22,https://www.wiz.io/careers/job/4666326006/:title?gh_jid=4666326006,False
